姓名,学号,邮箱,志愿1,志愿2,推荐人
谢一鸣,2024000008,2024000008@smbu.edu.cn,外联部,,
金明轩,2025000116,2025000116@smbu.edu.cn,文艺部,组织部,
窦泽宇,2024000220,2024000220@smbu.edu.cn,秘书处,,
葛一鸣,2025000196,2025000196@smbu.edu.cn,体育部,实践部,
周清越,2024000019,2024000019@smbu.edu.cn,实践部,,邹雪瑶
戚奕辰,2025000093,2025000093@smbu.edu.cn,组织部,文艺部,喻天宇
柳清越,2024000031,2024000031@smbu.edu.cn,组织部,,
昌语彤,2023000216,2023000216@smbu.edu.cn,体育部,外联部,
杨新宇,2023000133,2023000133@smbu.edu.cn,外联部,,
葛致远,2025000097,2025000097@smbu.edu.cn,实践部,,
孔思远,2025000182,2025000182@smbu.edu.cn,体育部,秘书处,
云新宇,2025000131,2025000131@smbu.edu.cn,外联部,,马婉清
章明轩,2025000028,2025000028@smbu.edu.cn,技术部,,
沈奕辰,2023000098,2023000098@smbu.edu.cn,实践部,外联部,
韩俊杰,2025000038,2025000038@smbu.edu.cn,秘书处,外联部,方若晨
苏雪瑶,2025000211,2025000211@smbu.edu.cn,技术部,,
俞泽宇,2024000155,2024000155@smbu.edu.cn,外联部,秘书处,
葛欣怡,2023000237,2023000237@smbu.edu.cn,体育部,实践部,
任明轩,,,组织部,宣传部,
曹天宇,2024000001,2024000001@smbu.edu.cn,组织部,,
孙语彤,2023000013,2023000013@smbu.edu.cn,外联部,,
严婉清,2023000124,2023000124@smbu.edu.cn,宣传部,,任婉清
柳亦航,2025000017,2025000017@smbu.edu.cn,技术部,,
花欣怡,2023000269,,技术部,,
何亦航,2024000229,2024000229@smbu.edu.cn,文艺部,,潘俊杰
孙欣怡,2024000009,2024000009@smbu.edu.cn,文艺部,技术部,
曹欣怡,2025000138,2025000138@smbu.edu.cn,组织部,实践部,
潘鹤鸣,2025000149,2025000149@smbu.edu.cn,组织部,,
俞奕辰,2023000050,2023000050@smbu.edu.cn,实践部,,窦舒予
袁书航,2025000033,2025000033@smbu.edu.cn,秘书处,文艺部,
尤梦琪,2024000194,2024000194@smbu.edu.cn,组织部,宣传部,
昌俊杰,2025000026,2025000026@smbu.edu.cn,组织部,文艺部,
姜天宇,2025000061,2025000061@smbu.edu.cn,体育部,,
柳语彤,2025000244,2025000244@smbu.edu.cn,实践部,外联部,水雨桐
苏一鸣,2023010188,2023010189@smbu.edu.cn,组织部,体育部,
凤佳琪,2025000018,2025000018@smbu.edu.cn,体育部,,
戚鹤鸣,2023000096,2023000096@smbu.edu.cn,组织部,,韩浩然
戚梦琪,2024000078,2024000078@smbu.edu.cn,实践部,秘书处,
邹雪瑶,2025000147,2025000147@smbu.edu.cn,宣传部,,
王五3,2024000288,2024000288@smbu.edu.cn,文艺部,,鲁佳琪
陶奕辰,2023010192,2023010192@stu.smbu.edu.cn,体育部,,
沈欣怡,2023000049,2023000049@smbu.edu.cn,实践部,,
邹泽宇,2023000152,2023000152@smbu.edu.cn,文艺部,实践部,卫雪瑶
秦俊杰,2023A01234,2023A01234@smbu.edu.cn,秘书处,宣传部,许书航
曹清越,2024000198,2024000198@smbu.edu.cn,文艺部,实践部,
苏泽宇,2023000226,2023000226@smbu.edu.cn,技术部,外联部,
水诗雨,2025000193,2025000193@smbu.edu.cn,宣传部,,
李一鸣,2024000271,2024000271@smbu.edu.cn,,,任梦琪
袁一鸣,2023000141,2023000141@smbu.edu.cn,文艺部,,曹雅雯
魏清越,2024000217,2024000217@smbu.edu.cn,技术部,,
袁欣怡,2025000060,2025000060@smbu.edu.cn,技术部,,杨嘉怡
任佳琪,2023000157,2023000157@smbu.edu.cn,文艺部,体育部,
严雪瑶,2023000132,2023000132@smbu.edu.cn,技术部,秘书处,
朱若晨,2025000011,2025000011@smbu.edu.cn,实践部,,云雨桐
柏泽宇,2023000056,2023000056@smbu.edu.cn,组织部,,
姜舒予,2023000062,2023000062@smbu.edu.cn,技术部,,
苏思远,2024000071,2024000071@smbu.edu.cn,组织部,,
陶舒予,2025000040,2025000040@smbu.edu.cn,组织部,,
周若晨,2025000100,2025000100@smbu.edu.cn,组织部,,
窦清越,2023010204,2023010204@smbu.edu.cn,宣传部,,邹俊杰
杨俊杰,2025000282,2025000282@smbu.edu.cn,技术部,技术部,
喻若晨,2023010123.0,2023010123.0@smbu.edu.cn,体育部,秘书处,
严明轩,2024000032,2024000032@smbu.edu.cn,秘书处,实践部,
韩雨桐,2024000250,2024000250@smbu.edu.cn,宣传部,技术部,杨静宜
陈明轩,2025000140,2025000140@smbu.edu.cn,文艺部,,
苗泽宇,2024000243,2024000243@smbu.edu.cn,宣传部,,
彭雅雯,2025000230,2025000230@smbu.edu.cn,技术部,文艺部,
郎雪瑶,2025000027,2025000027@smbu.edu.cn,组织部,文艺部,
许文博,2023000039,2023000039@smbu.edu.cn,秘书处,,姜梦琪
曹舒予,2025000200,2025000200@smbu.edu.cn,文艺部,,袁雅雯
柏奕辰,2024000022,2024000022@smbu.edu.cn,技术部,,
陈雨桐,2025000073,2025000073@smbu.edu.cn,体育部,,
王天宇,2024000225,2024000225@smbu.edu.cn,体育部,宣传部,俞雨桐
任子涵,2023010201,2023010201@smbu.edu.cn,宣传部,体育部,
曹新宇,2025000076,2025000076@smbu.edu.cn,技术部,,
吴浩然,2024000127,2024000127@smbu.edu.cn,组织部,文艺部,
昌婉清,2025000148,2025000148@smbu.edu.cn,外联部,组织部,
袁致远,2024000086,2024000086@smbu.edu.cn,文艺部,,
苗明轩,2024000079,2024000079@smbu.edu.cn,实践部,,
卫雪瑶,2023000004,2023000004@smbu.edu.cn,体育部,组织部,
奚雪瑶,2023000112,2023000112@smbu.edu.cn,文艺部,体育部,陈亦航
施静宜,2023000202,2023000202@smbu.edu.cn,秘书处,文艺部,卫致远
柳天宇,2023000170,2023000170@smbu.edu.cn,实践部,,章天宇
谢新宇,2024000021,2024000021@smbu.edu.cn,宣传部,秘书处,
蒋鹤鸣,2025000020,2025000020@smbu.edu.cn,宣传部,,
潘欣怡,2025000154,2025000154@smbu.edu.cn,实践部,文艺部,
鲁思远,2024000072,2024000072@smbu.edu.cn,宣传部,,尤嘉怡
施欣怡,2023000108,2023000108@smbu.edu.cn,实践部,,
郑子涵,2023000180,2023000180@smbu.edu.cn,组织部,,昌一鸣
云致远,2024000083,2024000083@smbu.edu.cn,秘书处,文艺部,孔一鸣
张明轩,2023000190,2023000190@smbu.edu.cn,宣传部,,韦文博
孔子涵,2023010202,2023010202@smbu.edu.cn,实践部,,
吕晨曦,2023010191,woshi_xiaoming@qq.com,体育部,,
奚文博,2023000159,2023000159@smbu.edu.cn,宣传部,实践部,
谢嘉怡,2023000213,2023000213@smbu.edu.cn,文艺部,,严梦琪
柳新宇,2024000143,2024000143@smbu.edu.cn,文艺部,,奚佳琪
郑浩然,2023000184,2023000184@smbu.edu.cn,技术部,组织部,朱舒予
方雨桐,2025000113,2025000113@smbu.edu.cn,外联部,实践部,
吕文博,2025000025,2025000025@smbu.edu.cn,秘书处,,
戚明轩,2025000239,2025000239@smbu.edu.cn,外联部,,彭欣怡
沈俊杰,学号2023010123,学号2023010123@smbu.edu.cn,体育部,实践部,
柏新宇,2024000074,2024000074@smbu.edu.cn,秘书处,,
郎子涵,2024000187,2024000187@smbu.edu.cn,宣传部,,
花子涵,2024000185,2024000185@smbu.edu.cn,体育部,,
凤子涵,2023000286,2023000286@smbu.edu.cn,技术部-宣传组,,
严诗雨,2024000045,2024000045@smbu.edu.cn,技术部,宣传部,鲁婉清
曹静宜,2024000285,2024000285@smbu.edu.cn,食堂部,文艺部,尤天宇
窦雪瑶,2024000142,2024000142@smbu.edu.cn,组织部,,
柳泽宇,2024000219,2024000219@smbu.edu.cn,外联部,,
柏鹤鸣,2024000163,2024000163@smbu.edu.cn,文艺部,,
冯新宇,2025000085,2025000085@smbu.edu.cn,组织部,外联部,
何天宇,2023000042,2023000042@smbu.edu.cn,实践部,,
凤欣怡,2023000189,2023000189@smbu.edu.cn,实践部,组织部,葛嘉怡
魏亦航,2025000063,2025000063@smbu.edu.cn,外联部,,杨天宇
潘语彤,2025000046,2025000046@smbu.edu.cn,秘书处,文艺部,
吴亦航,2025000248,2025000248@smbu.edu.cn,组织部,,
魏舒予,2025000107,2025000107@smbu.edu.cn,实践部,,
何语彤,2023000223,2023000223@smbu.edu.cn,秘书处,,郑清越
王若晨,2023000177,2023000177@smbu.edu.cn,体育部,,韩静宜
窦欣怡,2025000145,2025000145@smbu.edu.cn,组织部,技术部,任语彤
许子涵,2023000192,2023000192@smbu.edu.cn,实践部,,
曹诗雨,2025000109,2025000109@smbu.edu.cn,体育部,,
何雨桐,2023000172,2023000172@smbu.edu.cn,秘书处,,
冯梦琪,2023000115,2023000115@smbu.edu.cn,外联部,,
华天宇,2024000234,2024000234@smbu.edu.cn,组织部,宣传部,
朱雪瑶,2023000207,2023000207@smbu.edu.cn,技术部,,
章思远,2023010195,20230101@smbu.edu.cn,外联部,,
鲁佳琪,2025000036,2025000036@smbu.edu.cn,秘书处,,
葛泽宇,2024000069,2024000069@smbu.edu.cn,秘书处,,
方浩然,2024000129,2024000129@smbu.edu.cn,组织部,外联部,
许婉清,2023000054,2023000054@smbu.edu.cn,技术部,,
苗雨桐,2025000167,2025000167@smbu.edu.cn,宣传部,,苗俊杰
冯思远,2023000224,2023000224@smbu.edu.cn,实践部,秘书处,韩静宜
昌思远,2024000041,2024000041@smbu.edu.cn,宣传部,,
窦静宜,２０２３０１０１２３,２０２３０１０１２３@smbu.edu.cn,文艺部,宣传部,
许雨桐,2025000090,2025000090@smbu.edu.cn,宣传部,,鲁语彤
葛梦琪,2024000047,2024000047@smbu.edu.cn,实践部,,
水致远,2023000059,2023000059@smbu.edu.cn,实践部,秘书处,
俞一鸣,2023000057,2023000057@smbu.edu.cn,宣传部,,严亦航
潘雪瑶,2025000125,2025000125@smbu.edu.cn,技术部,组织部,苏一鸣
吴欣怡,2025000023,2025000023@smbu.edu.cn,技术部,组织部,施新宇
陈语彤,2024000199,2024000199@smbu.edu.cn,组织部,宣传部,潘天宇
陶雨桐,2023000034,2023000034@smbu.edu.cn,秘书处,,
葛晨曦,2025000236,2025000236@smbu.edu.cn,技术部,组织部,杨文博
马鹤鸣,2024000203,2024000203@smbu.edu.cn,宣传部,组织部,
尤婉清,2023000088,2023000088@smbu.edu.cn,体育部,宣传部,
郑雅雯,2024000222,2024000222@smbu.edu.cn,秘书处,,
窦晨曦,2023000195,2023000195@smbu.edu.cn,体育部,,
张雪瑶,2023000035,2023000035@smbu.edu.cn,宣传部,,
华嘉怡,2024000104,2024000104@smbu.edu.cn,组织部,,魏泽宇
马明轩,2023 010123,2023 010123@smbu.edu.cn,秘书处,体育部,
鲁明轩,2024000053,2024000053@smbu.edu.cn,宣传部,组织部,
杨明轩,2023010194,2023010194@@smbu.edu.cn,文艺部,外联部,
钱嘉怡,2025000231,2025000231@smbu.edu.cn,外联部,,
严文博,2023010203,2023010203@smbu.edu.cn,文艺部,,
俞欣怡,2023010204,2023010204@smbu.edu.cn,文艺部,秘书处,
柏晨曦,2023000070,2023000070@smbu.edu.cn,体育部,实践部,
卫晨曦,2025000280,2025000280@smbu.edu.cn,体育部,体育部,苗新宇
孙佳琪,2023000110,2023000110@smbu.edu.cn,文艺部,,
方天宇,2024000103,2024000103@smbu.edu.cn,宣传部,,凤鹤鸣
苏奕辰,2025000066,2025000066@smbu.edu.cn,宣传部,,
鲁梦琪,2024000122,2024000122@smbu.edu.cn,外联部,,柳雅雯
施婉清,2024000183,2024000183@smbu.edu.cn,文艺部,实践部,袁舒予
范浩然,2023000283,2023000283@smbu.edu.cn,技术部,技术部,昌新宇
蒋雅雯,2025000176,2025000176@smbu.edu.cn,宣传部,,喻嘉怡
杨天宇,2023000228,2023000228@smbu.edu.cn,宣传部,组织部,
孔佳琪,2024000089,2024000089@smbu.edu.cn,技术部,,
李嘉怡,2025000051,2025000051@smbu.edu.cn,组织部,实践部,方奕辰
许晨曦,2024000091,2024000091@smbu.edu.cn,外联部,,
范天宇,2023000118,2023000118@smbu.edu.cn,体育部,实践部,谢致远
蒋思远,2023000238,2023000238@smbu.edu.cn,文艺部,,曹明轩
王一鸣,2025000233,2025000233@smbu.edu.cn,组织部,,
柳雅雯,2023000212,2023000212@smbu.edu.cn,宣传部,文艺部,
钱致远,2025000144,2025000144@smbu.edu.cn,实践部,外联部,
章新宇,2025000106,2025000106@smbu.edu.cn,体育部,,
孔致远,2024000016,2024000016@smbu.edu.cn,秘书处,外联部,郎亦航
卫一鸣,2025000197,2025000197@smbu.edu.cn,组织部,,
昌清越,2023000005,2023000005@smbu.edu.cn,秘书处,,赵明轩
范明轩,2024000249,2024000249@smbu.edu.cn,技术部,外联部,
张舒予,2023000081,2023000081@smbu.edu.cn,宣传部,外联部,葛若晨
喻语彤,2024000130,2024000130@smbu.edu.cn,宣传部,,
彭天宇,2025000002,2025000002@smbu.edu.cn,秘书处,,范新宇
奚嘉怡,2023010202,2023010202@smbu.edu.cn,文艺部,外联部,
彭欣怡,2024000204,2024000204@smbu.edu.cn,秘书处,,钱梦琪
郎舒予,2023000126,2023000126@smbu.edu.cn,秘书处,,朱奕辰
韩文博,2025000246,2025000246@smbu.edu.cn,组织部,文艺部,邹致远
周婉清,2023000221,2023000221@smbu.edu.cn,体育部,,
王诗雨,2023000281,2023000281@smbu.edu.cn,宣传部,宣传部,
苗浩然,2024000166,2024000166@smbu.edu.cn,宣传部,,吴若晨
韦语彤,2025000077,2025000077@smbu.edu.cn,宣传部,,鲁舒予
严雨桐,2025000105,2025000105@smbu.edu.cn,秘书处,,方奕辰
云雨桐,2023000164,2023000164@smbu.edu.cn,组织部,,
韦明轩,2023000068,2023000068@smbu.edu.cn,宣传部,,
孙舒予,2023000015,2023000015@smbu.edu.cn,组织部,,吴鹤鸣
华婉清,2024000241,2024000241@smbu.edu.cn,秘书处,外联部,
凤语彤,2025000012,2025000012@smbu.edu.cn,文艺部,,
李四2,2024000287,2024000287@smbu.edu.cn,组织部,,孙晨曦
李泽宇,2025000232,2025000232@smbu.edu.cn,技术部,,孔晨曦
韦婉清,2024000227,2024000227@smbu.edu.cn,外联部,,
戚舒予,2023000284,2023000284@smbu.edu.cn,电竞部,宣传部,
钱欣怡,2025000121,2025000121@smbu.edu.cn,实践部,技术部,喻致远
施嘉怡,2024000158,2024000158@smbu.edu.cn,实践部,秘书处,云晨曦
陈诗雨,2023000188,2023000188@smbu.edu.cn,组织部,,
窦佳琪,2023010190,2023010190@smbu.edu.com,外联部,,云舒予
华新宇,2025000206,2025000206@smbu.edu.cn,宣传部,技术部,曹清越
陈新宇,2023000240,2023000240@smbu.edu.cn,文艺部,,
周浩然,2025000058,2025000058@smbu.edu.cn,外联部,,
华静宜,2023000151,2023000151@smbu.edu.cn,组织部,,
蒋若晨,2023000075,2023000075@smbu.edu.cn,外联部,,
尤思远,2025000156,2025000156@smbu.edu.cn,实践部,组织部,
俞天宇,2024000208,2024000208@smbu.edu.cn,技术部,宣传部,
苏若晨,2024000205,2024000205@smbu.edu.cn,组织部,,鲁欣怡
赵欣怡,2024000030,2024000030@smbu.edu.cn,体育部,,谢婉清
姜雪瑶,2024000134,2024000134@smbu.edu.cn,秘书处,实践部,
严鹤鸣,2023000162,2023000162@smbu.edu.cn,外联部,,
俞欣怡,2023010204,2023010204@smbu.edu.cn,文艺部,秘书处,
姜新宇,2024000201,2024000201@smbu.edu.cn,文艺部,,方泽宇
潘嘉怡,2025000029,2025000029@smbu.edu.cn,宣传部,,
任子涵,2023010201,2023010201@smbu.edu.cn,宣传部,体育部,
,2024000266,2024000266@smbu.edu.cn,体育部,宣传部,
,2024000265,2024000265@smbu.edu.cn,文艺部,外联部,
褚清越,2025000007,2025000007@smbu.edu.cn,文艺部,,
章舒予,2025000037,2025000037@smbu.edu.cn,文艺部,技术部,
韦一鸣,2024000245,2024000245@smbu.edu.cn,技术部,,
韦致远,2025000119,2025000119@smbu.edu.cn,宣传部,,
任文博,2025000171,2025000171@smbu.edu.cn,文艺部,,
谢致远,2025000272,2025000272@smbu.edu.cn,,秘书处,朱舒予
昌书航,2024000102,2024000102@smbu.edu.cn,技术部,,秦俊杰
云诗雨,2025000174,2025000174@smbu.edu.cn,技术部,秘书处,
潘明轩,2024000095,2024000095@smbu.edu.cn,技术部,,郑思远
方鹤鸣,2025000242,2025000242@smbu.edu.cn,实践部,体育部,
柳书航,2023000087,2023000087@smbu.edu.cn,实践部,,云若晨
柏雅雯,2023000209,2023000209@smbu.edu.cn,体育部,技术部,
凤浩然,2024000181,2024000181@smbu.edu.cn,实践部,,
姜泽宇,2023010193,liuyang@smbu.edu.cn,组织部,文艺部,
柳致远,2023000210,2023000210@smbu.edu.cn,外联部,,范诗雨
尤致远,2024000092,2024000092@smbu.edu.cn,技术部,,张雅雯
马雪瑶,2023000191,2023000191@smbu.edu.cn,宣传部,实践部,赵梦琪
任俊杰,2024000235,2024000235@smbu.edu.cn,秘书处,,周亦航
吴静宜,2024000173,2024000173@smbu.edu.cn,实践部,,
水雪瑶,2025000215,2025000215@smbu.edu.cn,外联部,,孔若晨
吕舒予,2025000179,2025000179@smbu.edu.cn,秘书处,实践部,袁文博
杨思远,2023000064,2023000064@smbu.edu.cn,体育部,外联部,
王雪瑶,2025000043,2025000043@smbu.edu.cn,组织部,,
马一鸣,2023000120,2023000120@smbu.edu.cn,秘书处,,
张亦航,2023000146,2023000146@smbu.edu.cn,技术部,体育部,
鲁若晨,2023000080,2023000080@smbu.edu.cn,实践部,,
许一鸣,2023-010123,2023-010123@smbu.edu.cn,文艺部,,
卫静宜,2023000128,2023000128@smbu.edu.cn,外联部,,
水奕辰,2025000048,2025000048@smbu.edu.cn,技术部,文艺部,
钱雪瑶,2025000251,2025000251@SMBU.EDU.CN,秘书处,,金雅雯
李诗雨,2023000153,2023000153@smbu.edu.cn,体育部,实践部,昌书航
周思远,2024000099,2024000099@smbu.edu.cn,组织部,,赵致远
昌泽宇,2023000111,2023000111@smbu.edu.cn,文艺部,技术部,
钱奕辰,2023000161,2023000161@smbu.edu.cn,文艺部,组织部,
钱清越,2023000135,2023000135@smbu.edu.cn,外联部,组织部,姜奕辰
奚奕辰,2024000014,2024000014@smbu.edu.cn,技术部,组织部,吕佳琪
柏思远,2023000175,2023000175@smbu.edu.cn,技术部,宣传部,
陶俊杰,2024000136,2024000136@smbu.edu.cn,体育部,,苏俊杰
朱一鸣,2024000186,2024000186@smbu.edu.cn,实践部,,
陶语彤,2024000055,2024000055@smbu.edu.cn,宣传部,,
张雨桐,2024000247,2024000247@smbu.edu.cn,组织部,,吴婉清
喻文博,2023000160,2023000160@smbu.edu.cn,实践部,,韦佳琪
章嘉怡,2023000165,2023000165@smbu.edu.cn,组织部,,
孙明轩,2024000150,2024000150@smbu.edu.cn,宣传部,,
金雅雯,2025000139,2025000139@smbu.edu.cn,文艺部,,陶清越
金婉清,2024000006,2024000006@smbu.edu.cn,宣传部,实践部,
苏天宇,2025000052,2025000052@smbu.edu.cn,宣传部,,
云欣怡,2025000137,2025000137@smbu.edu.cn,组织部,体育部,
韦雨桐,2024000114,2024000114@smbu.edu.cn,宣传部,体育部,
姜子涵,2025000067,2025000067@smbu.edu.cn,外联部,秘书处,
马佳琪,2025000169,2025000169@smbu.edu.cn,宣传部,组织部,陶若晨
魏奕辰,2024000003,2024000003@smbu.edu.cn,秘书处,技术部,
冯明轩,2025000082,2025000082@smbu.edu.cn,外联部,秘书处,
卫泽宇,2024000270,2024000270@smbu.edu.cn,,,
吕静宜,2024000117,2024000117@smbu.edu.cn,体育部,,袁清越
柏婉清,2024000101,2024000101@smbu.edu.cn,文艺部,实践部,
周明轩,2025000024,2025000024@smbu.edu.cn,组织部,宣传部,
郎若晨,2023000084,2023000084@smbu.edu.cn,宣传部,,潘亦航
沈子涵,2023000218,2023000218@smbu.edu.cn,实践部,外联部,俞鹤鸣
窦一鸣,2025000178,2025000178@smbu.edu.cn,秘书处,实践部,
蒋俊杰,2025000010,2025000010@smbu.edu.cn,文艺部,宣传部,张婉清
华致远,,,实践部,,
花天宇,2023010203,2023010203@smbu.edu.cn,宣传部,实践部,郎舒予
王致远,2023000168,2023000168@smbu.edu.cn,实践部,,
尤鹤鸣,2025000094,2025000094@smbu.edu.cn,文艺部,组织部,沈浩然
陈浩然,2023000044,2023000044@smbu.edu.cn,宣传部,技术部,
蒋梦琪,2024000123,2024000123@smbu.edu.cn,秘书处,,郎子涵
秦书航,2024000065,2024000065@smbu.edu.cn,宣传部,,
李欣怡,2024000214,2024000214@smbu.edu.cn,技术部,外联部,
